{
    "$schema": "https://raw.githubusercontent.com/grafana/grafana/main/docs/sources/developers/plugins/plugin.schema.json",
    "type": "panel",
    "name": "Sankey",
    "id": "ffminus-sankey-panel",
    "info": {
        "keywords": [
            "panel"
        ],
        "description": "Sankey diagrams for Grafana.",
        "author": {
            "name": "ffminus"
        },
        "logos": {
            "small": "img/logo.svg",
            "large": "img/logo.svg"
        },
        "links": [],
        "screenshots": [
            {
                "name": "Example",
                "path": "img/screenshot.png"
            }
        ],
        "version": "0.1.0",
        "updated": "2024-12-07"
    },
    "dependencies": {
        "grafanaDependency": ">=10.4.0",
        "plugins": []
    },
    "buildMode": "production"
}